algorithm,similarity,inference_time_s,model_load_s
Levenshtein,0.2743961352657005,6.560499991792312e-05,
TFIDF_Cosine,0.12521200118673254,0.002354242000137674,
Jaccard,0.10227272727272728,5.137699986335065e-05,
Euclidean,0.06918680026152062,0.0012369110002055095,
SBERT,0.4486328959465027,0.062813129999995,1.1313299109999662
CrossEncoder,0.08056640625,0.07043281799997203,0.4580751369999234
