algorithm,similarity,inference_time_s,model_load_s
Levenshtein,0.21857923497267762,0.01863840001169592,
TFIDF_Cosine,0.03875150217190518,0.08015910000540316,
Jaccard,0.0782122905027933,0.00018839997937902808,
Euclidean,0.06972691561653295,0.010982500010868534,
SBERT,0.1889268010854721,0.6100568000110798,3.7990592000132892
CrossEncoder,0.0011512970086187124,0.4276609999942593,2.2049124999903142
